MOVIES,GENRE,RATING,ONE-LINE,STARS,VOTES,RunTime,primera_letra
1067,57,24,1246,100,1021,17,5
1388,107,53,1150,341,1085,22,6
952,143,55,887,512,1207,32,4
1324,18,51,1149,348,1182,50,6
624,24,58,1410,274,1087,35,3
1197,118,58,1279,133,1223,14,5
712,19,57,450,565,1218,60,4
210,136,57,113,273,1233,14,0
219,109,53,1297,361,1055,22,0
809,5,42,1292,84,1168,32,4
792,10,28,197,717,685,100,4
1390,201,55,202,444,1065,33,6
856,145,61,564,353,1118,50,4
1391,107,51,347,563,1194,14,6
981,201,60,102,263,1200,37,5
965,18,49,785,406,1160,35,4
87,202,58,195,40,963,35,0
519,8,55,219,1262,1235,117,2
175,145,57,42,104,1215,45,0
715,201,48,1051,372,504,16,4
263,107,52,766,510,925,10,1
216,145,55,138,530,1187,33,0
73,18,47,1098,32,1146,32,0
1158,147,60,1054,266,1202,50,5
401,54,54,1375,1261,1231,114,2
1354,96,62,49,418,1222,39,6
1278,145,44,1013,47,1040,40,5
97,177,42,924,538,391,31,0
564,224,45,984,187,930,16,3
515,3,43,638,858,1217,109,2
208,201,61,28,304,1228,41,0
1164,57,51,907,108,928,12,5
1077,1,37,1003,1116,931,126,5
397,107,52,335,176,1104,50,2
605,18,55,355,1153,1236,101,3
367,247,47,757,608,1229,125,1
940,91,59,52,458,1181,9,4
195,270,11,1381,716,198,75,0
685,11,34,1213,247,875,50,4
351,4,39,321,155,1179,45,1
57,145,43,1324,1304,1023,125,0
32,144,59,587,206,1203,34,0
897,18,57,1340,441,1076,50,4
510,57,61,45,285,1059,16,2
514,3,41,717,857,1196,113,2
255,111,37,74,849,1172,108,1
935,3,44,1060,1063,1169,99,4
1323,18,41,1134,99,1124,33,6
518,5,41,1164,270,1077,46,2
1357,57,57,952,284,1157,16,6
969,145,58,537,218,1183,50,4
1279,145,55,737,543,960,38,5
649,7,40,381,914,1212,108,3
11,57,64,1307,300,1186,16,0
617,107,56,1183,414,970,14,3
927,259,35,1076,198,865,38,4
806,136,37,574,1186,1192,86,4
429,18,53,612,311,1193,46,2
214,165,48,1034,421,778,16,0
1355,142,58,1203,456,1142,40,6
1349,57,54,1175,81,1060,16,6
1312,258,25,1192,121,354,16,5
1395,5,42,27,1132,1147,108,6
1245,216,40,70,714,1195,111,5
1367,107,49,464,898,1176,99,6
180,18,34,1341,1029,1101,89,0
1133,128,51,1409,1318,1226,84,5
918,44,47,359,362,1154,50,4
606,21,54,1123,1154,1234,127,3
1211,102,50,968,638,1225,123,5
888,208,48,385,116,1122,38,4
619,77,58,1319,1002,1201,96,3
402,52,32,1004,880,1153,106,2
1037,145,48,903,49,1061,35,5
101,18,50,94,724,1198,92,0
1053,118,53,962,1110,1208,127,5
16,71,61,549,65,1002,16,0
923,118,51,223,175,1099,40,4
884,214,50,1228,852,1197,104,4
1234,118,52,211,1315,1216,84,5
1361,220,51,617,197,1054,33,6
22,97,49,1227,150,955,160,0
1179,114,56,148,389,1167,50,5
1087,99,53,216,114,1016,50,5
268,232,40,644,670,1152,124,1
174,21,39,122,795,1175,90,0
954,35,38,302,987,1227,79,4
958,18,47,1379,375,1180,45,4
638,232,23,90,759,1163,89,3
983,201,50,215,523,1042,35,5
71,66,56,1382,823,1219,109,0
1445,152,46,400,986,1232,105,6
102,246,45,1426,181,1031,32,0
1039,46,54,729,335,1144,50,5
1026,119,52,1318,264,1148,171,5
1233,201,48,306,635,1211,101,5
303,2,43,229,1195,1184,112,1
336,5,54,190,115,1109,32,1
1025,96,55,428,172,1132,50,5
624,201,59,231,158,1015,33,3
1064,112,57,1191,66,1150,22,5
1027,95,43,12,720,1141,121,5
123,58,50,357,561,923,15,0
662,57,45,530,1329,1189,85,3
1,203,46,1280,87,983,15,0
675,60,61,356,281,1134,16,3
1275,11,34,32,952,1173,87,5
894,9,49,905,1140,1209,111,4
108,13,31,880,225,798,22,0
1215,57,58,975,828,1221,124,5
714,212,49,476,268,766,45,4
853,109,54,33,495,1064,35,4
230,41,53,200,1271,1178,91,0
1222,42,56,851,1424,1230,81,5
142,218,39,230,1166,1078,83,0
298,135,59,1016,79,1092,22,1
236,253,40,80,1075,1174,72,0
137,201,41,451,1194,1095,106,0
321,120,39,93,112,1056,35,1
107,208,45,1041,152,1096,36,0
1140,6,39,277,436,1045,22,5
928,258,24,1321,359,320,16,4
306,151,36,36,892,1114,105,1
781,38,57,1224,722,1210,159,4
1055,137,37,572,1288,1199,96,5
644,150,45,1317,690,1051,102,3
249,114,49,1107,487,1121,22,1
520,8,33,82,895,1214,82,2
944,107,55,361,258,1020,16,4
46,142,58,1430,454,1091,48,0
100,235,57,1125,50,1123,32,0
340,230,45,1393,417,1050,16,1
407,253,28,1421,946,585,105,2
1446,3,39,1128,906,1205,119,6
158,136,35,595,902,1126,94,0
573,204,2,212,306,1066,34,3
1195,58,60,224,466,1033,16,5
223,133,26,546,1254,1106,93,0
157,28,30,384,889,1086,115,0
1184,145,57,116,148,991,50,5
511,113,59,838,340,911,16,2
246,145,33,260,746,821,97,1
639,136,43,622,923,1220,119,3
1015,226,41,91,1205,1074,96,5
203,64,37,531,798,1139,87,0
636,5,42,171,511,1022,50,3
162,201,49,139,120,1079,168,0
1258,116,41,783,592,1041,101,5
521,57,49,1079,415,869,16,2
852,64,47,311,1348,1191,75,4
787,112,38,65,1172,318,92,4
887,201,45,801,1258,1188,75,4
7,98,55,54,965,1206,83,0
47,11,56,430,102,1088,50,0
844,107,55,490,1280,1224,84,4
276,199,53,1352,658,1110,110,1
31,123,26,342,377,1097,15,0
248,224,41,759,809,1158,103,1
1021,107,54,930,186,611,13,5
1307,154,55,120,1398,1105,75,5
775,112,39,164,1108,1082,92,4
915,225,35,1360,980,1028,85,4
876,18,38,135,637,1130,119,4
1012,41,42,322,90,756,22,5
1017,250,22,276,1115,961,79,5
1428,5,31,963,715,1204,128,6
902,18,50,406,605,1213,112,4
975,107,21,1278,628,857,91,5
1394,226,37,733,750,1001,107,6
228,18,36,76,1257,1145,90,0
1083,4,31,487,735,1156,88,5
539,74,58,1197,53,891,16,3
976,219,44,1119,799,1113,84,5
307,249,28,364,1303,1125,91,1
607,11,33,1012,949,1047,80,3
613,16,29,293,1185,1164,90,3
1439,107,52,1334,313,1008,22,6
634,64,56,250,1416,1177,86,3
1004,65,53,332,825,1185,93,5
199,154,35,95,1367,1017,74,0
1301,64,50,369,60,1032,14,5
371,226,56,416,461,920,60,1
1352,169,36,594,329,361,103,6
979,215,40,894,931,1131,103,5
211,5,24,752,723,1119,103,0
1020,107,50,79,185,760,22,5
569,67,55,1343,827,1190,107,3
764,201,50,1052,77,977,40,4
35,4,36,383,1145,1171,111,0
881,119,46,419,413,1063,18,4
641,201,42,1047,1024,989,95,3
1286,256,29,196,752,1081,116,5
1117,225,50,1364,373,1100,33,5
1257,45,39,157,609,1136,94,5
1173,24,62,315,321,859,70,5
653,112,65,542,363,1129,35,3
1008,174,60,598,493,1165,50,5
554,18,47,971,142,863,80,3
1268,234,48,1313,732,1115,124,5
1141,201,6,393,1054,1069,86,5
1408,177,49,1264,174,1038,152,6
542,80,46,126,452,882,16,3
1105,18,35,1064,822,1151,101,5
854,109,51,410,230,1140,32,4
192,225,33,1039,882,1009,93,0
934,136,29,1411,730,1026,90,4
612,21,28,1304,1003,824,102,3
570,69,52,173,824,1155,116,3
1217,142,39,257,615,825,88,5
258,109,43,1369,998,1128,83,1
785,212,51,349,61,781,38,4
614,8,46,739,193,1043,32,3
546,147,56,387,177,998,36,3
1320,162,44,742,0,135,16,5
362,127,33,333,1291,1143,79,1
558,145,46,1362,424,906,35,3
738,147,50,535,547,877,42,4
955,11,50,641,620,1084,138,4
185,213,35,290,700,575,112,0
651,64,52,794,280,912,16,3
837,41,64,1302,37,1166,70,4
1412,216,33,73,143,969,50,6
201,208,56,1388,249,843,70,0
1409,18,41,675,1128,837,121,6
618,134,55,238,411,913,50,3
791,18,40,199,1104,763,85,4
996,217,30,280,829,1108,85,5
701,147,48,247,88,967,42,4
1249,201,61,1425,402,684,50,5
681,41,44,426,1268,1011,107,4
425,245,56,234,33,887,22,2
1162,201,56,266,1055,1102,122,5
1168,41,30,415,1276,1162,96,5
97,18,35,112,1217,1072,83,0
489,57,25,1144,234,907,22,2
261,253,31,1358,1259,1067,96,1
1155,76,53,178,1319,1133,101,5
127,62,41,677,196,592,17,0
710,112,50,296,89,904,50,4
342,57,53,281,290,994,16,1
603,60,42,667,1237,351,85,3
1159,222,52,577,320,308,60,5
557,66,50,1126,833,1161,84,3
389,18,34,207,936,953,142,2
11,7,26,1305,791,1029,125,0
1244,29,46,214,1046,1049,76,5
86,226,52,1205,85,707,40,0
106,61,57,1244,297,1044,40,0
665,64,51,705,826,1159,84,3
155,49,38,808,1346,1004,93,0
358,64,45,413,355,657,16,1
1225,107,62,1190,183,1149,22,5
744,12,40,243,537,854,14,4
1169,248,35,417,583,1170,100,5
950,229,48,107,416,908,42,4
1436,57,53,192,201,973,16,6
181,208,31,204,969,1058,77,0
1239,143,40,136,171,466,30,5
629,58,53,317,41,966,17,3
780,145,56,1373,383,471,55,4
863,130,31,647,758,1034,84,4
1208,201,53,345,221,703,33,5
1045,216,49,1372,527,976,40,5
984,96,28,989,1269,690,102,5
408,247,13,1066,1302,1030,90,2
924,118,48,1086,217,894,22,4
722,142,46,1080,450,938,165,4
627,57,58,131,291,795,16,3
535,218,25,756,865,926,76,3
1345,128,28,956,1070,1024,86,6
830,136,32,727,993,1027,82,4
1260,107,45,132,163,878,22,5
136,64,60,115,70,922,16,0
1372,270,56,1284,1033,844,114,6
1033,21,29,1365,1255,1046,97,5
262,242,32,1057,1218,940,88,1
1376,64,46,365,834,1127,65,6
1120,226,55,442,132,738,35,5
273,47,21,460,908,1080,86,1
670,223,48,108,357,1070,50,3
1346,66,41,928,1376,902,94,6
643,76,48,137,807,1098,81,3
1165,60,50,320,271,1003,17,5
1318,137,59,754,254,1052,82,5
152,3,35,627,1345,1090,90,0
872,8,34,462,787,1068,115,4
1369,202,64,183,497,799,60,6
730,208,39,1295,927,214,91,4
305,7,12,184,1301,1117,117,1
451,118,45,730,307,785,40,2
446,136,51,237,323,605,50,2
1183,18,32,653,665,950,94,5
482,126,38,203,743,1093,89,2
580,56,54,287,288,787,16,3
595,24,59,31,188,626,16,3
1424,121,34,109,476,672,22,6
1287,226,31,1320,574,136,79,5
507,201,33,1285,243,366,16,2
275,136,26,308,580,1013,84,1
1116,18,38,198,770,995,92,5
624,60,55,732,21,404,16,3
538,65,54,630,842,1103,127,3
788,65,51,165,1023,1137,98,4
937,258,28,533,0,26,35,4
789,225,44,235,97,885,42,4
941,136,30,1296,1027,997,80,4
1212,9,46,1237,1224,1116,116,5
41,145,51,1055,235,901,50,0
317,145,45,1165,296,706,30,1
663,262,54,707,729,1135,23,3
323,21,30,402,997,755,95,1
6,147,39,784,22,513,40,0
1269,23,42,536,1272,1012,130,5
355,118,38,68,1245,937,86,1
544,81,50,292,843,1073,108,3
200,154,40,1007,236,622,163,0
790,8,43,753,617,999,105,4
60,4,30,57,707,708,111,0
540,257,55,221,1266,1138,112,3
69,251,21,48,525,713,16,0
739,229,42,715,524,711,40,4
851,112,35,378,966,1039,88,4
741,201,42,736,755,974,84,4
1288,14,45,579,360,803,14,5
178,209,30,1301,1273,589,105,0
957,99,54,1206,128,777,50,4
395,141,47,145,42,860,21,2
187,75,34,504,229,845,17,0
338,232,32,353,1130,1035,91,1
834,270,25,679,1091,383,70,4
647,38,46,868,1368,1120,108,3
1396,57,40,125,1377,1007,96,6
1200,113,32,283,78,753,22,5
1326,201,62,24,220,462,50,6
706,5,39,726,345,846,16,4
189,226,41,71,1317,811,90,0
1150,102,44,261,694,1112,114,5
1342,226,41,375,698,956,75,6
505,3,31,86,1169,1036,97,2
1099,107,51,1311,351,910,35,5
430,224,40,1166,1312,604,120,2
898,257,20,64,1289,880,93,4
754,118,38,758,995,1107,89,4
676,59,59,1168,473,1025,16,3
1413,253,18,1384,1131,635,82,6
252,216,20,329,1122,986,79,1
942,142,59,1233,514,884,41,4
1014,18,39,341,1081,944,125,5
537,201,41,915,662,954,86,3
1048,99,38,1222,1141,971,93,5
709,18,26,449,991,791,87,4
820,154,61,436,256,619,16,4
784,209,49,443,590,1014,118,4
239,126,55,714,327,774,65,0
1216,213,34,853,835,552,75,5
729,96,49,15,1326,941,112,4
960,211,30,146,51,675,33,4
1274,174,43,1348,75,701,33,5
130,78,53,1226,432,852,16,0
1002,60,46,896,560,695,14,5
841,201,49,343,472,990,50,4
419,174,45,1105,370,1037,158,2
911,147,40,881,337,758,166,4
1370,24,57,1046,542,521,70,6
621,142,30,1330,929,932,81,3
654,201,65,1067,390,45,16,3
1166,65,44,312,1006,985,88,5
380,77,50,264,933,1071,71,2
861,107,50,910,358,1048,21,4
925,226,34,583,498,145,60,4
600,153,22,1083,1285,871,79,3
517,64,29,155,648,361,78,2
768,154,51,83,1408,828,80,4
116,83,63,565,36,397,4,0
1086,107,34,1303,146,784,161,5
1003,77,57,72,54,924,16,5
320,34,34,1053,881,826,129,1
509,10,50,328,1337,1111,92,2
1379,210,50,156,210,36,60,6
284,218,21,1412,742,731,83,1
1068,145,58,505,190,1018,50,5
1060,71,56,158,215,498,16,5
96,71,47,58,844,1062,109,0
1023,112,59,167,1000,841,130,5
1311,232,18,1028,701,617,80,5
572,226,47,708,950,822,108,3
122,231,36,567,1260,921,80,0
522,36,33,111,1129,916,73,2
264,205,35,805,861,634,74,1
889,136,40,352,705,832,92,4
929,258,28,885,488,266,40,4
88,228,28,1072,678,677,76,0
1127,72,35,367,1248,927,82,5
655,57,46,163,438,834,15,3
1264,28,50,20,325,432,50,5
270,145,29,191,899,1005,85,1
21,6,43,1322,508,1053,90,0
769,199,58,786,442,886,45,4
1337,258,48,685,395,812,25,6
862,64,37,632,122,536,16,4
668,81,42,213,94,524,14,3
1107,250,23,300,1121,729,78,5
576,57,47,723,111,581,16,3
1273,176,44,680,131,848,143,5
1327,250,39,832,1400,946,65,6
968,226,38,635,1428,952,110,4
687,99,39,890,1184,883,88,4
274,118,55,820,326,733,60,1
89,55,58,573,6,372,16,0
846,107,49,1210,535,993,22,4
494,218,33,1145,800,968,96,2
67,113,34,1188,106,897,22,0
251,174,48,613,500,762,42,1
1110,118,60,1109,157,909,48,5
794,112,42,16,788,982,80,4
153,165,54,1263,267,767,42,0
114,61,53,26,287,1000,15,0
630,224,37,169,505,772,36,3
1041,201,26,263,964,545,95,5
1157,140,37,153,1220,964,79,5
1265,201,36,147,1089,676,94,5
286,141,44,140,532,678,42,1
176,201,34,529,101,339,128,0
575,142,36,1428,294,358,37,3
444,237,39,427,719,1010,112,2
1181,118,29,1185,425,741,22,5
683,226,30,568,1189,434,97,4
63,58,50,983,293,590,16,0
970,201,46,129,640,864,144,4
360,136,38,1294,1118,905,103,1
885,142,35,228,1167,872,101,4
826,152,42,44,403,482,50,4
1180,201,45,925,1204,67,80,5
697,226,42,1427,55,300,35,4
578,61,49,1380,391,411,16,3
609,179,48,285,302,992,154,3
227,154,42,555,8,252,16,0
72,171,42,927,745,893,75,0
356,257,32,1368,1093,687,81,1
680,18,41,232,1174,1083,107,4
868,136,57,51,126,851,10,4
823,5,32,728,1188,934,94,4
50,107,57,634,407,369,22,0
1348,226,46,494,408,415,50,6
1111,107,37,268,125,805,18,5
280,102,35,486,977,761,81,1
491,223,44,1315,683,850,72,2
279,92,52,740,1389,979,8,1
40,57,46,403,453,344,16,0
170,118,51,1151,216,958,21,0
1056,201,43,272,292,842,31,5
422,221,47,1172,164,133,35,2
147,141,47,363,147,352,16,0
1309,236,37,948,382,92,16,5
804,153,37,779,777,917,111,4
327,154,45,703,431,669,37,1
131,78,45,844,502,218,16,0
1196,26,49,103,481,273,50,5
1132,136,32,879,1052,823,77,5
938,192,59,123,371,745,16,4
497,216,35,687,552,797,22,2
1106,225,16,1387,680,732,80,5
631,154,57,236,1374,876,74,3
5,244,43,1141,385,602,60,0
1171,201,60,1251,475,538,50,5
1262,107,37,351,1113,720,80,5
1319,115,54,852,153,749,80,5
348,232,35,789,860,786,89,1
1049,107,45,179,350,782,14,5
696,153,28,1002,573,658,106,4
204,226,48,570,1168,752,110,0
1062,107,32,177,686,898,79,5
1429,233,55,719,25,879,35,6
842,154,57,590,119,636,49,4
217,112,29,1350,887,735,91,0
601,60,53,17,74,516,16,3
1210,154,43,1344,189,529,15,5
196,137,8,691,1068,768,76,0
717,112,46,1108,992,847,133,4
386,171,51,614,226,816,22,2
750,268,33,1378,1232,453,94,4
341,138,18,1420,603,520,90,1
751,107,48,1042,344,750,22,4
404,107,37,249,760,981,88,2
725,247,19,376,734,747,89,4
930,136,32,891,586,578,90,4
523,136,19,773,1332,553,87,2
124,185,48,1300,91,895,162,0
610,174,51,1242,0,522,169,3
989,226,43,621,763,720,99,5
224,107,42,646,166,683,22,0
978,18,36,1049,1077,697,129,5
1182,166,48,170,955,1019,75,5
992,114,48,362,332,480,16,5
1414,65,38,441,443,679,17,6
666,72,56,1068,556,259,17,3
319,60,49,762,1007,1094,90,1
1263,147,22,1370,1236,984,96,5
432,154,51,40,679,1057,84,2
1029,112,40,220,979,606,78,5
581,118,56,289,180,827,45,3
1427,17,39,208,76,409,34,6
527,60,45,313,449,627,16,3
611,253,26,1096,884,208,80,3
287,227,36,1335,168,370,153,1
126,185,51,488,491,279,156,0
10,210,54,1234,367,615,16,0
1333,136,49,842,485,696,50,6
870,72,53,389,364,686,17,4
1382,142,40,780,105,382,50,6
702,247,6,843,737,623,72,4
985,174,44,895,634,726,84,5
150,171,38,412,397,814,114,0
737,24,46,13,1328,866,136,4
766,201,40,618,242,160,16,4
140,188,58,892,467,867,80,0
1154,136,24,46,779,673,92,5
883,27,44,578,793,988,102,4
555,74,51,2,437,503,15,3
25,133,26,648,883,813,70,0
818,229,22,725,207,929,38,4
1085,200,58,159,269,539,50,5
343,57,49,1433,1359,856,61,1
349,145,54,105,238,384,27,1
1054,258,26,1174,227,210,33,5
963,107,40,1266,98,709,27,4
1126,2,44,1401,1191,945,140,5
597,57,54,314,513,374,17,3
536,57,54,1037,446,829,22,3
1156,64,52,348,1384,936,93,5
44,11,24,127,773,1089,151,0
98,64,28,1306,1425,840,76,0
1377,57,33,939,276,734,15,6
250,0,8,629,1196,591,72,1
1119,66,39,324,921,943,96,5
1018,13,29,225,434,392,16,5
1393,10,38,606,1419,1006,74,6
1114,36,52,181,625,1075,148,5
1040,24,52,481,591,951,20,5
240,226,52,7,275,314,50,0
1129,107,60,1276,509,817,41,5
1353,118,38,1336,816,933,88,6
1378,118,54,950,463,587,27,6
705,212,41,1262,141,95,40,4
205,97,48,611,23,959,150,0
1122,132,41,346,1415,610,44,5
1246,232,42,388,1277,628,116,5
117,114,54,800,308,477,60,0
1403,106,52,172,393,439,35,6
1310,260,21,957,928,699,81,5
742,4,44,408,110,576,43,4
839,160,52,1177,1249,996,111,4
1042,18,24,29,1139,598,80,5
993,28,48,244,410,441,70,5
469,21,43,1006,601,780,108,2
331,258,47,227,279,502,35,1
109,201,35,1009,1246,700,77,0
987,112,36,1100,1076,800,118,5
1160,37,31,893,412,119,16,5
1294,227,51,271,208,579,45,5
770,199,58,586,0,607,16,4
445,208,9,398,448,948,22,2
669,68,38,899,1235,965,105,3
241,258,54,1299,490,659,21,0
59,108,27,288,531,671,26,0
796,108,38,255,1193,794,92,4
13,28,37,1329,967,819,88,0
1451,55,55,865,71,94,2,6
735,18,23,1040,925,654,70,4
1089,201,39,1021,848,265,88,5
1292,201,49,1229,503,564,40,5
234,112,33,34,1042,881,74,0
1235,226,53,768,404,572,167,5
657,201,50,501,484,596,90,3
1397,258,47,11,34,727,40,6
1400,57,35,678,1320,710,96,6
359,64,40,1366,298,532,16,1
372,57,49,688,228,431,15,1
713,154,49,99,1381,688,47,4
1334,118,49,654,478,429,27,6
1306,269,53,515,123,849,50,5
12,57,44,748,938,833,100,0
945,127,38,160,1209,654,73,4
154,112,32,254,718,594,86,0
168,270,18,959,935,272,77,0
1335,244,49,1160,324,365,50,6
734,4,37,704,706,764,116,4
1280,218,41,14,1375,889,81,5
493,15,53,818,129,388,22,2
1336,118,47,580,179,494,60,6
886,112,40,633,251,495,31,4
602,60,52,61,519,459,16,3
1082,154,51,185,494,485,13,5
936,23,60,479,534,218,16,4
1195,261,25,224,64,263,16,5
1417,114,52,659,529,549,16,6
896,179,48,1356,854,900,30,4
339,154,46,420,1314,919,94,1
139,73,54,295,551,543,16,0
542,225,38,126,380,381,16,3
1410,154,56,1267,30,776,164,6
931,136,46,774,594,915,123,4
149,185,42,793,159,765,14,0
244,72,46,1179,845,978,94,0
445,243,16,186,570,830,87,2
313,259,36,908,477,702,16,1
81,158,59,988,2,488,149,0
209,18,18,1018,650,754,80,0
667,63,46,1390,261,464,16,3
673,226,41,240,464,144,60,3
1096,136,56,239,540,253,55,5
202,72,29,37,82,307,13,0
42,107,32,67,867,807,68,0
860,112,33,435,1183,582,74,4
1431,232,38,1089,639,836,120,6
684,114,37,985,1013,648,97,4
1322,225,41,1198,864,748,114,5
658,77,45,459,517,519,16,3
1128,201,38,1033,626,568,87,5
776,64,31,616,1393,373,71,4
504,3,56,1235,562,284,16,2
900,261,36,377,910,739,91,4
1018,13,24,463,1214,451,58,5
1331,219,39,916,796,771,81,6
68,154,53,1195,684,239,81,0
549,57,55,1342,447,435,16,3
1019,13,22,799,1215,339,58,5
443,213,52,372,541,325,35,2
62,58,49,693,262,186,16,0
485,124,49,829,1170,743,60,2
926,226,21,1392,840,918,132,4
197,107,46,492,140,306,12,0
1069,208,26,1389,1190,487,97,5
77,149,45,1258,1330,870,69,0
1314,210,53,1147,386,400,50,5
193,264,48,1189,0,324,0,0
1450,118,42,982,1073,793,78,6
1101,218,23,233,1211,387,83,5
859,201,47,592,918,583,113,4
652,58,45,468,93,546,17,3
1299,64,44,1283,1366,698,65,5
719,201,43,154,1163,740,103,4
166,247,22,226,1101,896,81,0
1076,36,22,1385,940,890,88,5
1030,120,32,1308,850,704,74,5
1405,145,36,336,1036,873,80,6
70,251,28,1020,318,270,16,0
616,112,51,509,378,338,50,3
1074,107,47,1339,944,839,90,5
366,201,29,544,778,838,100,1
15,118,44,857,211,422,16,0
891,226,32,297,1265,674,82,4
164,107,41,510,72,276,13,0
795,130,20,39,1296,660,90,4
133,21,12,259,646,770,76,0
215,174,44,713,457,693,157,0
337,220,27,38,1243,446,92,1
745,201,31,974,790,150,63,4
322,154,53,101,31,949,42,1
755,109,58,1159,553,430,50,4
48,107,2,56,968,492,89,0
212,75,45,318,151,309,16,0
966,148,44,493,749,746,92,4
470,21,49,639,672,720,96,2
833,136,51,636,130,294,40,4
138,201,40,528,819,757,100,0
1328,222,25,1310,781,469,76,6
74,74,45,764,627,119,63,0
974,112,51,10,564,299,22,5
568,75,58,841,376,408,15,3
824,231,43,1061,222,232,40,4
650,79,54,1074,39,293,15,3
171,90,34,1001,426,295,15,0
548,67,44,1036,67,258,15,3
27,253,21,1026,568,643,75,0
815,64,42,1048,212,129,16,4
394,107,59,806,233,715,155,2
1316,51,9,904,1026,438,81,5
369,107,49,439,480,691,9,1
66,232,19,1081,1305,724,116,0
293,107,41,674,871,603,65,1
30,171,57,466,1373,957,59,0
1434,114,55,1274,191,279,50,6
622,43,44,444,775,730,71,3
1097,57,28,1157,223,268,17,5
350,147,50,152,388,449,40,1
995,107,57,473,312,396,16,5
288,136,41,652,550,414,60,1
103,218,16,282,656,723,70,0
45,226,46,301,1096,588,103,0
1185,201,10,407,1092,584,126,5
1199,225,44,303,548,168,50,5
913,199,51,722,369,543,22,4
55,90,40,452,319,140,15,0
756,232,50,189,322,290,50,4
447,201,31,274,401,127,40,2
626,153,28,1132,333,256,16,3
145,141,29,470,117,304,16,0
156,253,7,142,866,601,77,0
297,201,41,22,1005,818,77,1
982,49,50,1361,1109,987,123,5
1281,165,52,100,810,777,101,5
767,174,56,615,664,515,99,4
391,131,29,1110,612,403,108,2
628,91,45,765,352,379,37,3
267,118,31,1023,1322,820,83,1
740,112,38,1154,1388,651,101,4
148,107,27,6,245,550,22,0
2,64,30,1403,483,108,17,0
516,113,37,316,1112,248,80,2
110,232,10,796,682,287,73,0
247,232,24,1102,597,568,87,1
221,101,41,456,1409,975,74,0
586,171,33,520,1378,942,86,3
1088,112,29,828,693,402,104,5
892,58,47,876,299,231,18,4
746,216,37,1371,1240,632,115,4
882,66,39,1143,246,163,16,4
590,260,55,251,451,359,16,3
1187,154,50,589,886,779,75,5
1437,139,61,471,399,719,22,6
551,112,44,1429,1107,489,100,3
1321,201,42,545,346,390,16,5
85,116,28,307,751,362,97,0
999,135,46,839,286,728,15,5
1243,154,28,938,740,340,73,5
998,57,50,1432,231,608,16,5
1061,55,34,47,1004,625,100,5
18,201,50,1219,459,405,16,0
914,236,42,882,330,305,22,4
530,216,9,1069,1279,448,80,3
1134,64,24,414,522,63,16,5
1202,24,20,862,1278,527,81,5
144,147,50,709,354,350,35,0
333,201,25,600,1364,670,50,1
229,40,37,1121,1354,874,98,0
531,201,53,1103,821,792,99,3
855,112,48,1084,588,980,100,4
871,73,42,997,127,55,6,4
1149,201,16,503,255,99,50,5
762,64,39,1101,134,228,16,4
1080,136,27,1331,1051,534,88,5
281,201,45,972,1050,132,94,1
490,64,39,1399,1392,809,72,2
14,74,54,1167,314,562,17,0
500,201,34,596,691,642,80,2
832,113,34,834,954,486,99,4
583,154,39,521,303,597,22,3
1285,217,30,749,726,804,85,5
238,201,40,1050,239,257,16,0
259,136,47,405,339,261,16,1
302,253,27,1129,888,862,87,1
1146,99,37,1223,727,468,114,5
1198,118,24,620,699,653,86,5
332,245,39,787,374,461,34,1
895,226,28,418,668,410,90,4
1277,154,38,344,709,662,86,5
1209,152,29,1309,1037,705,76,5
801,18,34,626,1412,332,97,4
1213,4,53,339,422,58,16,5
335,33,33,66,725,717,91,1
301,154,63,720,1231,55,16,1
1112,118,28,298,1060,721,79,5
1174,223,56,1256,387,251,50,5
831,252,16,294,1032,903,72,4
486,107,54,830,582,899,55,2
1371,30,7,275,1242,621,87,6
237,226,37,299,209,152,55,0
838,142,39,161,802,148,116,4
513,226,28,1271,400,56,30,2
1358,58,48,951,559,374,16,6
533,57,42,1161,1282,412,72,3
1329,215,46,457,1148,788,95,6
477,21,40,792,671,663,86,2
173,188,49,1259,1334,888,127,0
1392,10,34,649,1419,939,64,6
65,232,27,354,1306,762,130,0
692,142,34,395,1234,630,84,4
574,188,45,218,1083,725,71,3
1108,201,42,262,1160,312,94,5
1271,247,35,669,1267,547,94,5
3,126,41,999,1333,668,115,0
783,226,38,1406,1082,139,109,4
1058,112,41,1019,356,541,40,5
93,201,43,672,856,551,77,0
206,107,29,304,1414,540,94,0
1351,202,49,1288,610,420,111,6
1373,185,57,1011,801,510,49,6
1298,72,39,1239,846,467,63,5
1205,91,60,931,5,169,16,5
1022,271,43,106,947,737,79,5
907,249,33,979,841,802,79,4
747,198,46,434,1300,254,29,4
476,21,52,746,1176,598,93,2
642,226,44,284,144,260,16,3
977,128,43,1402,544,303,22,5
917,249,36,588,334,390,22,4
466,21,45,645,1142,572,89,2
1102,239,44,986,282,262,60,5
774,58,60,744,521,380,16,4
1444,154,57,561,69,682,45,6
1031,86,44,350,342,277,15,5
4,154,49,624,430,445,50,0
816,89,38,1092,492,481,14,4
345,201,34,575,1126,346,77,1
377,201,56,547,381,61,15,1
778,109,31,563,663,290,97,4
311,226,34,371,629,810,93,1
664,122,22,608,1182,312,95,3
899,187,45,422,753,759,89,4
9,24,53,1045,219,143,27,0
329,57,20,1353,224,275,14,1
508,225,39,89,838,443,105,2
821,225,41,1332,877,457,99,4
873,118,52,918,68,375,50,4
1282,60,36,776,28,289,21,5
222,222,36,168,1238,472,85,0
1266,154,47,581,1339,714,86,5
428,107,41,516,1369,831,50,2
424,128,43,538,545,146,27,2
160,113,23,368,976,650,82,0
194,247,4,134,674,159,79,0
324,174,29,777,170,401,42,1
218,112,36,1010,83,206,16,0
1172,112,50,1209,178,267,70,5
771,57,32,358,439,236,16,4
543,71,49,305,202,302,15,3
825,112,27,1073,1087,544,85,4
0,107,48,143,232,544,18,0
648,57,32,855,533,187,16,3
487,107,54,455,1171,914,52,2
1153,112,48,898,765,337,91,5
587,107,34,846,975,711,59,3
988,258,15,650,468,353,39,5
232,201,57,1112,469,104,40,0
207,147,20,88,579,676,69,0
1290,118,30,41,1144,606,90,5
943,226,33,69,566,233,96,4
315,146,23,188,901,424,89,1
1081,154,54,391,578,769,96,5
1426,112,24,30,572,306,80,6
354,57,29,790,1352,555,61,1
932,260,48,474,195,147,16,4
1063,118,32,550,1098,505,101,5
403,70,24,810,1253,593,54,2
213,107,43,1386,667,736,75,0
492,12,38,1351,893,542,105,2
1207,201,41,478,924,413,86,5
312,162,56,1178,972,618,53,1
115,244,34,1015,366,216,16,0
1214,107,36,193,868,511,78,5
880,207,32,917,1162,54,139,4
1407,112,36,1424,669,647,80,6
1090,154,57,1260,156,465,18,5
58,107,51,401,557,192,22,0
1028,107,34,1286,820,243,81,5
637,154,45,176,1158,962,77,3
1283,226,37,84,1213,321,91,5
80,158,42,864,0,179,16,0
226,61,28,557,1353,439,65,0
632,112,48,854,409,74,24,3
1365,107,47,1118,1299,417,50,6
688,55,50,604,241,57,6,4
1350,105,50,1291,1335,751,80,6
526,61,40,1122,213,343,16,2
772,201,47,1071,328,7,16,4
1070,201,21,909,1125,154,70,5
399,154,45,782,20,70,48,2
584,107,39,1094,975,806,50,3
857,107,31,1035,797,515,85,4
1433,201,57,1044,546,72,16,6
295,154,48,97,0,432,16,1
793,21,31,87,1071,692,79,4
452,154,48,872,814,613,84,2
1228,160,55,98,145,554,44,5
141,241,23,310,792,483,80,0
453,154,57,1124,11,219,36,2
1221,173,51,1201,1351,671,144,5
256,226,39,128,806,455,81,1
731,201,23,1187,782,309,84,4
111,226,48,380,194,115,16,0
1452,201,47,1207,501,10,16,6
1152,246,41,991,160,281,50,5
646,226,42,246,1165,861,103,3
1238,118,36,1204,666,858,81,5
82,158,50,556,46,30,9,0
1250,154,61,585,0,223,17,5
198,201,19,668,1321,221,109,0
994,136,41,241,479,200,16,5
955,243,2,955,1401,367,80,4
598,64,44,840,1,49,2,3
1059,64,57,217,214,316,16,5
326,174,49,461,9,329,35,1
736,121,32,50,776,667,80,4
997,113,37,601,139,105,16,5
1001,57,35,1326,265,283,16,5
61,180,54,973,571,298,95,0
1387,174,44,1232,16,301,104,6
242,201,30,495,1313,106,71,0
1247,72,51,702,62,173,9,5
1381,70,27,1236,677,436,75,6
782,201,41,279,1074,548,88,4
92,154,44,1405,118,179,36,0
1448,17,10,683,1085,527,70,6
112,59,36,548,184,315,17,0
437,107,46,485,1219,661,56,2
759,36,9,278,1155,421,77,4
1104,154,43,1254,1347,445,68,5
512,124,58,943,277,195,19,2
1151,258,15,43,419,334,16,5
29,107,53,662,999,742,62,0
836,63,44,327,460,257,17,4
659,61,44,453,92,151,12,3
732,107,22,118,941,458,76,4
959,201,36,9,1103,394,94,4
1189,181,54,593,1410,590,85,5
283,136,36,651,1039,433,102,1
1302,193,49,1078,57,147,172,5
1447,18,30,267,204,196,16,6
299,225,55,1238,489,242,16,1
462,107,48,987,614,796,53,2
686,154,46,1000,769,556,82,4
556,94,35,1115,1310,508,100,3
1013,112,47,1148,1114,612,90,5
1362,107,20,1396,1015,331,82,6
1163,88,47,491,0,22,0,5
1224,107,56,1316,182,600,77,5
813,55,34,603,427,25,15,4
1289,160,45,379,1418,633,76,5
496,201,40,836,1264,479,89,2
56,107,57,734,687,892,63,0
406,136,37,1208,462,165,65,2
933,118,35,889,859,566,79,4
765,107,35,201,1040,681,90,4
577,112,50,23,200,345,35,3
254,183,47,421,937,559,82,1
1340,258,51,966,394,416,23,6
1442,201,39,1419,832,206,82,6
848,236,30,319,1021,323,98,4
1304,66,23,921,445,40,33,5
718,201,35,1181,1161,101,109,4
594,201,51,1106,554,376,16,3
822,115,39,998,482,155,27,4
310,226,39,976,630,972,84,1
167,199,45,1255,349,351,28,0
763,0,43,339,43,11,16,4
294,107,46,958,1251,773,62,1
708,265,50,339,1034,7,16,4
991,218,30,551,567,530,85,5
904,201,53,1261,86,84,36,4
488,195,38,831,1044,509,10,2
309,201,36,772,569,399,105,1
799,112,38,1277,1270,474,88,4
1118,201,44,338,853,27,88,5
39,188,64,1200,1290,670,139,0
308,107,40,1408,58,470,17,1
334,107,10,1130,1061,456,77,1
678,3,30,256,636,790,94,3
1046,118,48,788,772,301,107,5
807,64,48,710,259,245,16,4
454,154,56,1257,11,142,35,2
78,21,5,144,1135,423,72,0
1347,226,25,35,818,398,96,6
786,136,56,1099,169,130,35,4
723,107,27,571,1407,450,73,4
582,107,29,847,1295,487,52,3
547,103,39,1087,1008,173,97,3
752,136,22,1377,647,722,72,4
1297,84,40,499,1363,561,62,5
749,247,24,569,919,164,78,4
922,107,50,884,985,947,64,4
656,136,28,1298,1164,506,115,3
119,201,52,309,301,336,50,0
623,201,38,1383,1100,355,98,3
840,194,39,747,1372,574,29,4
292,107,39,700,1250,531,68,1
378,184,54,609,38,111,16,1
721,118,28,1338,1119,363,88,4
24,201,53,870,549,50,16,0
318,63,40,775,317,268,16,1
113,194,42,1290,757,666,29,0
1191,113,40,360,654,130,95,5
585,171,42,597,1379,935,65,3
475,21,40,827,1179,619,87,2
1440,154,30,425,917,256,87,6
698,87,50,750,396,423,5,4
1178,107,27,339,767,47,72,5
385,107,40,804,1342,460,48,2
1300,72,38,1287,506,311,14,5
1401,171,41,166,913,484,68,6
409,107,28,778,1225,426,79,2
1176,121,17,940,766,220,76,5
163,107,9,269,1385,237,85,0
90,207,29,657,1350,569,78,0
472,21,46,1184,1175,560,89,2
693,4,36,1434,1394,370,99,4
565,57,38,242,440,43,15,3
700,174,38,656,12,215,16,4
633,129,43,162,379,98,60,3
939,136,32,1422,1157,52,89,4
720,100,27,994,783,427,92,4
364,48,36,607,932,122,75,1
800,154,39,718,973,403,67,4
893,107,21,878,948,178,58,4
467,21,39,121,599,631,82,2
1188,53,44,995,252,213,16,5
819,5,48,508,689,395,80,4
704,225,35,286,1072,349,103,4
296,113,53,482,764,406,103,1
608,0,15,409,1136,412,76,3
375,93,35,856,496,100,16,1
104,57,40,1363,338,71,16,0
480,21,40,141,600,689,83,2
962,253,21,1346,738,447,86,4
1366,107,50,526,1201,535,50,6
1272,12,22,424,1149,38,147,5
803,107,13,866,19,17,35,4
143,115,3,472,885,565,88,0
812,55,26,602,35,90,1,4
912,147,36,1289,1324,441,88,4
135,107,24,1059,1202,646,60,0
691,229,40,182,618,454,84,4
1416,226,42,323,1222,166,86,6
525,188,51,1163,907,616,80,2
1130,7,11,761,681,425,90,5
23,136,47,628,240,191,60,0
1415,107,34,960,1102,525,53,6
146,96,52,1137,27,386,40,0
463,107,48,1327,614,815,53,2
743,121,29,964,943,496,80,4
188,181,40,366,1127,226,65,0
49,232,23,447,1411,126,80,0
529,130,18,1117,1078,182,87,3
436,107,51,823,1200,853,76,2
79,239,43,1212,173,286,16,0
1423,112,31,500,1106,400,106,6
290,107,40,701,645,694,67,1
867,56,31,873,1150,9,59,4
465,21,42,150,1180,620,83,2
412,107,43,1245,1298,423,48,2
484,107,49,527,621,317,16,2
561,107,42,498,978,558,55,3
1167,107,29,1337,1018,238,51,5
811,85,43,1395,59,96,16,4
1386,186,51,270,1117,476,75,6
916,65,46,1029,310,207,17,4
464,21,42,1088,598,624,87,2
498,201,44,374,137,14,50,2
703,226,35,1397,1047,342,78,4
411,107,54,814,1010,792,66,2
120,201,46,1407,398,267,16,0
26,82,38,467,203,197,16,0
1389,216,27,977,1173,645,76,6
1175,0,6,665,1156,360,80,5
352,185,40,1171,1223,431,97,1
1430,154,39,1241,653,789,85,6
1230,154,50,1325,1413,296,80,5
1143,107,51,524,1226,552,75,5
1332,154,45,949,384,120,21,6
387,154,33,437,1360,418,75,2
1161,55,17,1435,107,5,16,5
471,20,36,755,1181,655,82,2
1356,174,40,1027,368,181,29,6
810,57,29,1077,539,108,14,4
105,154,18,507,581,595,54,0
694,112,39,692,248,356,16,4
1113,10,41,1250,1084,39,105,5
1317,159,51,689,154,327,16,5
847,112,37,1116,962,452,73,4
363,260,39,582,855,171,90,1
1103,231,38,325,1203,341,93,5
413,107,49,1328,1390,639,87,2
1421,176,51,1240,316,285,170,6
1420,99,51,475,1187,649,96,6
468,21,40,1005,711,629,84,2
1313,160,38,1180,616,356,88,5
728,25,33,75,435,85,22,4
695,107,29,133,870,282,87,4
440,107,46,187,1206,775,52,2
291,171,43,1082,1208,665,61,1
1406,270,29,205,926,518,70,6
1325,11,49,1282,1088,801,127,6
733,201,40,900,909,385,98,4
1034,107,42,902,994,570,61,5
1315,257,13,209,989,305,88,5
499,104,50,1270,26,279,16,2
1374,107,53,954,1097,716,55,6
300,206,39,394,911,504,80,1
325,191,28,1423,167,249,34,1
54,260,37,1075,1210,625,80,0
528,50,28,1357,1247,109,80,3
1124,107,46,506,675,419,52,5
83,201,44,81,1197,95,80,0
524,201,26,1211,305,99,16,2
479,21,41,826,1177,557,88,2
579,107,31,1095,905,640,52,3
427,107,44,517,1058,868,52,2
478,21,38,1355,1143,563,84,2
645,108,21,78,789,567,72,3
1024,118,30,883,1294,500,84,5
1204,107,37,8,951,91,90,5
903,198,44,334,920,326,20,4
814,154,39,716,596,270,37,4
383,107,43,640,651,599,57,2
875,201,24,63,1062,98,93,4
441,107,47,965,652,573,48,2
1011,154,42,835,1095,181,24,5
879,107,19,992,1045,313,92,4
625,181,45,114,990,386,99,3
435,107,55,534,1228,855,67,2
1093,107,50,252,113,44,16,5
191,247,16,1062,631,577,81,0
953,5,23,445,1239,680,131,4
448,107,47,518,1229,389,50,2
1079,154,56,1293,1344,641,81,5
473,21,40,591,1178,664,85,2
828,107,26,869,1343,377,56,4
1438,171,47,767,981,652,50,6
1383,263,20,1058,465,94,3,6
503,226,46,1225,149,69,27,2
760,171,47,867,315,297,50,4
1047,201,37,1249,696,188,90,5
1364,107,40,913,1146,201,49,6
1032,172,46,1127,526,437,16,5
905,201,31,1113,915,130,16,4
1341,246,35,690,405,177,16,6
615,181,52,1131,587,319,62,3
438,107,48,1169,1219,783,60,2
1066,31,32,330,903,271,134,5
660,61,50,967,347,54,16,3
277,160,42,584,916,333,79,1
129,154,46,1,1043,82,69,0
285,107,28,222,577,551,87,1
1220,154,58,934,15,157,49,5
225,107,40,1314,611,443,93,0
384,171,34,339,1427,357,54,2
1123,107,46,819,1123,649,51,5
552,226,26,1367,1281,528,90,3
1270,107,12,944,602,253,90,5
1206,107,35,4,1120,34,80,5
265,154,40,695,930,501,69,1
699,201,53,1038,136,6,16,4
159,258,31,942,3,161,16,0
271,57,35,751,518,184,16,1
379,0,24,809,1325,114,95,2
455,154,54,825,11,137,16,2
550,112,36,637,982,224,83,3
361,21,9,1359,1274,291,80,1
980,247,1,797,731,163,110,5
243,154,49,0,585,292,84,0
235,154,44,712,593,533,54,0
1418,72,57,845,283,54,22,6
1231,201,39,802,595,108,90,5
260,226,33,390,624,99,92,1
423,135,33,817,803,463,56,2
1422,3,19,961,817,718,96,6
410,107,49,1186,1069,712,75,2
1094,154,42,914,641,609,68,5
588,107,35,848,607,512,52,3
1291,258,40,1269,124,144,50,5
566,107,35,875,974,401,50,3
878,154,40,174,0,293,35,4
1091,121,41,513,632,348,70,5
20,107,23,735,613,185,81,0
390,154,49,411,1365,493,38,2
1098,260,52,821,343,39,16,5
865,195,40,117,1041,243,11,4
1330,97,7,990,584,322,86,6
1385,110,36,1140,1340,835,88,6
1177,107,22,273,768,87,71,5
169,107,37,440,1422,13,37,0
257,112,41,694,486,113,16,1
1005,57,47,258,474,156,17,5
245,73,47,1156,199,140,16,0
449,107,27,824,1067,247,45,2
1144,107,18,920,953,162,49,5
682,97,43,721,1014,51,92,4
433,107,45,1173,879,638,63,2
1065,107,50,339,0,61,16,5
99,156,39,1347,704,644,78,0
808,55,51,1391,260,76,16,4
773,232,19,404,649,249,91,4
474,21,33,1193,710,618,80,2
416,107,41,811,1391,330,61,2
8,107,28,1014,589,808,86,0
442,107,42,738,24,46,16,2
1036,107,46,522,994,580,60,5
353,260,33,512,63,32,65,1
17,4,0,850,1331,143,86,0
1125,107,46,523,957,517,49,5
562,107,44,497,692,614,53,3
757,0,47,923,1001,194,135,4
591,107,13,724,1207,104,94,3
829,185,52,429,900,349,134,4
450,107,46,484,1229,479,52,2
183,22,43,1398,673,233,96,0
272,218,22,253,1137,571,70,1
179,170,50,660,811,242,80,0
921,188,45,658,685,64,81,4
495,154,45,1394,896,514,69,2
1293,162,36,1008,1244,335,76,5
1038,154,34,1024,0,158,16,5
805,201,32,1070,555,79,16,4
1411,154,53,1265,29,117,49,6
266,201,37,1170,504,241,44,1
797,201,35,339,1152,40,82,4
278,270,9,697,1341,203,70,1
461,171,47,1025,1057,473,48,2
1248,154,50,554,0,66,16,5
563,107,44,981,983,278,62,3
532,201,44,1056,622,131,145,3
1147,226,37,922,1397,257,92,5
571,72,46,1414,507,81,4,3
346,250,9,149,1362,332,75,1
393,32,10,265,1192,215,16,2
1186,136,19,480,939,269,77,5
233,112,22,104,971,280,85,0
190,57,36,673,794,27,51,0
33,107,40,206,958,523,73,0
672,201,33,741,703,83,89,3
43,154,44,1136,0,153,16,0
1136,90,41,431,0,136,3,5
347,201,45,558,1357,28,80,1
434,171,52,822,875,744,68,2
64,55,46,610,45,7,16,0
599,169,42,539,1356,347,79,3
1219,154,53,933,15,120,49,5
972,154,41,483,661,128,74,4
758,220,37,860,1297,95,127,4
560,112,37,392,471,9,16,3
94,247,8,1374,1284,272,75,0
382,118,44,438,309,121,55,2
282,107,25,339,657,80,82,1
91,201,36,795,109,14,37,0
1227,107,53,1142,257,246,16,5
502,107,36,837,1016,491,59,2
415,107,38,1345,1390,475,60,2
711,107,34,339,1030,7,16,4
1109,267,20,706,697,116,7,5
817,55,23,858,295,21,18,4
1223,171,49,1273,73,138,21,5
990,117,37,1199,836,205,162,5
827,154,45,339,1421,199,76,4
964,55,50,1215,192,20,16,4
1084,201,39,180,761,204,72,5
1092,113,38,1111,633,193,63,5
777,246,35,337,10,26,21,4
1142,107,49,919,1417,656,60,5
1295,258,15,798,365,134,16,5
1050,171,39,396,1019,499,58,5
53,64,14,911,558,23,13,0
269,188,40,448,165,102,16,1
1435,22,29,1017,1011,59,80,6
365,226,19,62,1009,259,137,1
414,107,45,812,1383,507,70,2
1201,147,30,331,1086,250,98,5
459,154,46,1231,897,368,80,2
19,57,33,1217,272,21,15,0
368,163,39,1176,1336,108,110,1
1237,154,42,5,831,196,77,5
172,64,22,970,642,93,35,0
593,152,26,25,1080,23,16,3
640,187,34,60,1355,364,53,3
381,258,28,339,244,70,16,2
426,160,39,1230,1308,238,100,2
392,201,41,130,804,264,116,2
1193,107,37,929,676,217,54,5
501,107,52,540,922,497,74,2
677,63,34,1202,1426,57,83,3
182,112,47,77,336,59,16,0
1145,107,22,21,942,171,53,5
28,167,40,623,894,274,75,0
1075,154,46,1354,862,637,80,5
909,188,44,1146,1292,108,54,4
1190,164,43,926,812,675,84,5
161,154,43,945,1028,230,86,0
679,107,33,339,771,55,91,4
1259,160,40,941,702,189,58,5
1303,201,40,326,205,15,36,5
1218,55,32,932,278,22,22,5
177,107,32,386,904,440,90,0
1296,226,33,661,289,124,60,5
1043,171,35,906,890,407,54,5
418,107,33,813,688,234,48,2
374,118,38,210,162,141,16,1
491,228,28,566,996,138,80,2
1226,171,53,1268,1134,444,48,5
1035,107,47,901,961,586,85,5
1135,83,24,1133,1338,24,17,5
906,247,26,711,1049,261,88,4
596,199,47,1182,1420,222,88,3
874,232,35,576,1307,127,87,4
1419,258,29,993,420,60,16,6
1010,168,47,978,695,307,80,5
186,0,15,477,754,78,82,0
1000,135,38,763,52,42,16,5
121,218,16,605,1233,149,95,0
1360,166,39,953,1038,176,73,6
314,154,32,53,1380,274,115,1
84,201,16,465,96,1,17,0
890,107,8,18,161,7,16,4
604,64,52,731,470,31,22,3
1339,258,32,686,48,64,16,6
947,112,36,373,1147,225,59,4
1006,266,41,339,1031,108,13,5
973,41,30,194,1327,322,102,5
1052,270,25,433,1151,187,84,5
798,154,35,562,762,122,46,4
761,107,41,861,655,140,57,4
748,107,17,1030,499,130,16,4
946,107,33,1090,934,110,50,4
864,175,40,743,1283,202,61,4
753,154,43,370,1382,329,90,4
75,107,38,769,851,229,48,0
1305,238,58,469,1349,201,50,5
1194,247,21,874,1323,306,80,5
460,171,35,519,708,258,56,2
506,240,19,382,747,212,77,2
431,154,37,446,733,246,40,2
845,169,47,119,712,175,71,4
1192,171,48,339,1241,322,46,5
1261,196,51,655,520,77,16,5
420,107,42,816,959,526,68,2
589,171,49,849,1133,442,50,3
376,201,46,803,786,13,130,1
1267,199,41,619,774,166,79,5
635,201,24,423,1159,58,102,3
724,200,46,96,830,45,52,4
971,107,36,1323,1017,235,41,4
34,107,40,663,1199,328,70,0
661,161,39,1162,1386,212,71,3
1359,258,39,1349,423,92,16,6
1441,197,33,760,945,199,14,6
967,39,23,1281,1286,237,85,4
1338,258,39,980,528,73,16,6
802,83,40,553,455,8,16,4
948,107,30,541,873,378,40,4
417,107,31,525,876,310,65,2
908,154,42,59,575,173,36,4
1139,72,59,339,56,7,16,5
1308,172,38,1376,728,244,72,5
1138,55,43,643,0,22,16,5
1170,12,12,1031,1105,170,78,5
727,201,43,1139,839,255,70,4
1137,55,49,642,0,22,16,5
592,255,30,781,429,31,33,3
849,270,34,745,756,18,95,4
330,258,13,339,44,17,16,1
835,136,21,110,1263,243,87,4
850,201,51,397,970,46,86,4
165,185,41,560,1396,123,16,0
51,107,38,666,644,371,57,0
920,154,49,496,1358,227,89,4
1380,188,41,681,1395,246,75,6
1252,194,58,502,984,129,17,5
1100,189,37,1218,1227,209,65,5
726,201,43,1413,576,5,16,4
405,107,52,489,4,79,78,2
439,107,42,770,1230,490,51,2
1121,246,30,1431,433,1,17,5
553,226,26,1243,1293,163,68,3
1078,107,41,771,1053,368,102,5
1398,270,41,684,1099,58,71,6
1240,154,47,340,1064,428,74,5
986,172,46,937,780,74,65,5
919,77,30,676,95,26,16,4
1443,201,22,670,1124,167,82,6
1131,107,9,1065,428,15,16,5
1425,258,31,1220,135,53,16,6
1016,107,28,399,1405,211,40,5
1449,154,49,1155,392,20,20,6
690,89,33,859,0,5,0,4
1242,201,39,1043,1035,180,85,5
118,236,55,833,138,16,14,0
1253,194,57,1333,984,126,17,5
1115,85,5,1400,516,31,15,5
52,107,20,897,1065,107,51,0
877,107,22,1221,1399,393,75,4
1229,154,47,1194,1316,108,45,5
671,136,37,339,331,2,16,3
231,107,48,532,1311,12,41,0
344,97,3,699,963,75,103,1
674,107,28,1214,815,24,84,3
1368,218,24,85,619,44,87,6
151,154,36,682,515,24,16,0
1399,199,30,1135,1025,46,110,6
1057,107,38,339,878,65,51,5
134,254,57,698,7,50,131,0
373,125,18,151,1309,75,79,1
779,171,44,863,1059,135,71,4
1044,107,43,1091,912,288,39,5
910,175,53,19,1048,29,16,4
534,201,32,339,659,0,110,3
716,107,10,1312,805,172,78,4
961,55,22,888,103,29,16,4
1251,194,59,599,984,104,17,5
1236,107,41,936,874,196,41,5
184,178,52,1063,1056,149,51,0
858,107,38,1093,14,62,16,4
951,107,56,454,1404,537,56,4
1241,107,42,969,872,197,51,5
620,107,24,339,1111,2,72,3
1073,107,40,671,739,82,53,5
421,107,41,815,956,478,59,2
1384,107,49,1416,536,64,38,6
388,174,30,625,784,50,40,2
483,131,36,1158,960,190,58,2
95,107,27,1404,1361,161,110,0
949,107,44,886,1403,74,16,4
1343,107,44,1417,741,76,141,6
128,154,36,1120,18,15,16,0
1009,154,28,175,813,59,58,5
289,182,53,559,1423,72,80,1
559,201,26,291,1216,35,96,3
132,201,30,543,1212,47,102,0
1404,154,50,552,785,38,146,6
1402,263,40,1418,17,68,33,6
1375,107,45,1153,253,75,16,6
456,107,51,1415,1371,120,38,2
304,154,48,696,1138,24,62,1
956,107,19,631,80,19,16,4
1203,107,4,339,1079,21,86,5
38,171,52,1114,1012,240,80,0
707,18,27,791,1020,112,74,4
1344,171,48,339,1387,37,142,6
458,107,53,1152,1370,97,61,2
1255,194,56,1253,984,65,17,5
1284,154,37,947,869,18,72,5
37,171,39,664,736,174,100,0
1363,107,30,871,1094,57,16,6
1051,154,47,514,1022,103,77,5
541,201,42,248,623,48,85,3
545,107,6,55,847,41,89,3
125,154,49,1097,863,2,102,0
869,154,50,3,891,22,65,4
400,107,39,339,643,25,78,2
1276,174,28,946,713,9,36,5
1072,107,41,996,1406,51,16,5
1071,171,48,1022,1256,170,54,5
1148,190,31,432,1221,183,54,5
1007,107,51,1196,606,210,39,5
370,157,37,124,604,30,62,1
1232,201,55,935,744,3,71,5
357,154,29,1085,808,9,37,1
481,171,46,1248,721,86,61,2
398,107,22,339,1402,49,16,2
1254,194,60,1247,837,88,18,5
1256,154,58,339,837,2,16,5
843,154,51,1272,13,11,16,4
76,112,26,1216,1275,58,92,0
316,154,43,877,988,19,16,1
253,160,38,458,1090,33,68,1
901,112,49,1032,1287,14,84,4
567,171,32,511,1066,125,43,3
866,0,10,1252,250,44,7,4
689,88,10,1104,0,0,0,4
457,107,53,912,1370,118,83,2
220,154,36,1275,660,89,40,0
1095,141,12,92,748,83,65,5
328,155,39,1138,1252,4,35,1
36,131,40,339,1198,3,95,0
396,107,20,807,237,19,85,2
1432,0,49,245,0,1,16,6
